Source_Dataset,Source_Column,Source_Value,Business_Unit_ID,Mapping_Type,Secondary_Business_Unit_ID
Finance-Agent/revenue.csv,Business_Unit_Code,BU01,BU-UPS,Roll-up,
Finance-Agent/revenue.csv,Business_Unit,Oil Sands (SAGD),BU-UPS,Roll-up,
Finance-Agent/revenue.csv,Business_Unit_Code,BU02,BU-UPS,Roll-up,
Finance-Agent/revenue.csv,Business_Unit,Conventional Oil,BU-UPS,Roll-up,
Finance-Agent/revenue.csv,Business_Unit_Code,BU03,BU-UPS,Roll-up,
Finance-Agent/revenue.csv,Business_Unit,Natural Gas & NGL,BU-UPS,Roll-up,
Finance-Agent/revenue.csv,Business_Unit_Code,BU04,BU-MID,Exact,
Finance-Agent/revenue.csv,Business_Unit,Midstream & Terminals,BU-MID,Exact,
Finance-Agent/revenue.csv,Business_Unit_Code,BU05,BU-REF,Roll-up,
Finance-Agent/revenue.csv,Business_Unit,Prairie Refinery (R100),BU-REF,Roll-up,
Finance-Agent/revenue.csv,Business_Unit_Code,BU06,BU-REF,Roll-up,
Finance-Agent/revenue.csv,Business_Unit,Lakehead Refinery (R200),BU-REF,Roll-up,
Finance-Agent/revenue.csv,Business_Unit_Code,BU07,BU-REF,Roll-up,
Finance-Agent/revenue.csv,Business_Unit,Saint-Laurent Refinery (R300),BU-REF,Roll-up,
Finance-Agent/revenue.csv,Business_Unit_Code,BU08,BU-RTL,Exact,
Finance-Agent/revenue.csv,Business_Unit,Retail Fuels & Convenience,BU-RTL,Exact,
Finance-Agent/revenue.csv,Business_Unit_Code,BU09,BU-COM,Roll-up,
Finance-Agent/revenue.csv,Business_Unit,Commercial & Wholesale,BU-COM,Roll-up,
Finance-Agent/revenue.csv,Business_Unit_Code,BU10,BU-COM,Roll-up,
Finance-Agent/revenue.csv,Business_Unit,Lubricants & Specialty,BU-COM,Roll-up,
Finance-Agent/revenue.csv,Business_Unit_Code,BU11,BU-TRD,Exact,
Finance-Agent/revenue.csv,Business_Unit,Energy Trading,BU-TRD,Exact,
Finance-Agent/revenue.csv,Business_Unit_Code,BU12,BU-LCN,Exact,
Finance-Agent/revenue.csv,Business_Unit,Low Carbon & New Energy,BU-LCN,Exact,
Finance-Agent/operating_cost.csv,Business_Unit,Commercial & Wholesale,BU-COM,Roll-up,
Finance-Agent/operating_cost.csv,Business_Unit,Conventional Oil,BU-UPS,Roll-up,
Finance-Agent/operating_cost.csv,Business_Unit,Corporate,BU-COR,Exact,
Finance-Agent/operating_cost.csv,Business_Unit,Energy Trading,BU-TRD,Exact,
Finance-Agent/operating_cost.csv,Business_Unit,Lakehead Refinery (R200),BU-REF,Roll-up,
Finance-Agent/operating_cost.csv,Business_Unit,Low Carbon & New Energy,BU-LCN,Exact,
Finance-Agent/operating_cost.csv,Business_Unit,Lubricants & Specialty,BU-COM,Roll-up,
Finance-Agent/operating_cost.csv,Business_Unit,Midstream & Terminals,BU-MID,Exact,
Finance-Agent/operating_cost.csv,Business_Unit,Natural Gas & NGL,BU-UPS,Roll-up,
Finance-Agent/operating_cost.csv,Business_Unit,Oil Sands (SAGD),BU-UPS,Roll-up,
Finance-Agent/operating_cost.csv,Business_Unit,Prairie Refinery (R100),BU-REF,Roll-up,
Finance-Agent/operating_cost.csv,Business_Unit,Retail Fuels & Convenience,BU-RTL,Exact,
Finance-Agent/operating_cost.csv,Business_Unit,Saint-Laurent Refinery (R300),BU-REF,Roll-up,
Trading-Risk-Agent/hedging_positions.csv,Business_Unit,Commercial & Wholesale,BU-COM,Exact,
Trading-Risk-Agent/hedging_positions.csv,Business_Unit,Conventional Oil,BU-UPS,Roll-up,
Trading-Risk-Agent/hedging_positions.csv,Business_Unit,Energy Trading,BU-TRD,Exact,
Trading-Risk-Agent/hedging_positions.csv,Business_Unit,Lakehead Refinery (R200),BU-REF,Roll-up,
Trading-Risk-Agent/hedging_positions.csv,Business_Unit,Natural Gas & NGL,BU-UPS,Roll-up,
Trading-Risk-Agent/hedging_positions.csv,Business_Unit,Oil Sands (SAGD),BU-UPS,Roll-up,
Trading-Risk-Agent/hedging_positions.csv,Business_Unit,Prairie Refinery (R100),BU-REF,Roll-up,
Trading-Risk-Agent/hedging_positions.csv,Business_Unit,Retail Fuels & Convenience,BU-RTL,Exact,
Trading-Risk-Agent/hedging_positions.csv,Business_Unit,Saint-Laurent Refinery (R300),BU-REF,Roll-up,
Trading-Risk-Agent/risk_exposure.csv,Business_Unit,Commercial,BU-COM,Exact,
Trading-Risk-Agent/risk_exposure.csv,Business_Unit,Corporate Treasury,BU-COR,Exact,
Trading-Risk-Agent/risk_exposure.csv,Business_Unit,ESG and Trading,BU-TRD,Multi-BU (primary shown),BU-COR
Trading-Risk-Agent/risk_exposure.csv,Business_Unit,Energy Trading,BU-TRD,Exact,
Trading-Risk-Agent/risk_exposure.csv,Business_Unit,Logistics,BU-MID,Exact,
Trading-Risk-Agent/risk_exposure.csv,Business_Unit,Natural Gas & NGL,BU-UPS,Roll-up,
Trading-Risk-Agent/risk_exposure.csv,Business_Unit,Oil Sands (SAGD),BU-UPS,Roll-up,
Trading-Risk-Agent/risk_exposure.csv,Business_Unit,Oil Sands and Refining,BU-REF,Multi-BU (primary shown),BU-UPS
Trading-Risk-Agent/risk_exposure.csv,Business_Unit,Procurement,BU-SCM,Exact,
Trading-Risk-Agent/risk_exposure.csv,Business_Unit,Refining,BU-REF,Roll-up,
Trading-Risk-Agent/risk_exposure.csv,Business_Unit,Refining and Marketing,BU-REF,Multi-BU (primary shown),BU-COM
Trading-Risk-Agent/risk_exposure.csv,Business_Unit,Supply and Trading,BU-TRD,Multi-BU (primary shown),BU-SCM
Trading-Risk-Agent/risk_exposure.csv,Business_Unit,Upstream (Oil Sands and Conventional),BU-UPS,Roll-up,
Corporate-Strategy-Agent/strategy_goals.csv,Business_Unit,Asset Reliability,BU-SCM,Roll-up,
Corporate-Strategy-Agent/strategy_goals.csv,Business_Unit,Corporate,BU-COR,Exact,
Corporate-Strategy-Agent/strategy_goals.csv,Business_Unit,Data and Analytics,BU-DIG,Roll-up,
Corporate-Strategy-Agent/strategy_goals.csv,Business_Unit,Enterprise Architecture,BU-DIG,Roll-up,
Corporate-Strategy-Agent/strategy_goals.csv,Business_Unit,Finance,BU-COR,Roll-up,
Corporate-Strategy-Agent/strategy_goals.csv,Business_Unit,HSSE,BU-COR,Roll-up,
Corporate-Strategy-Agent/strategy_goals.csv,Business_Unit,Marketing,BU-COM,Multi-BU (primary shown),BU-RTL
Corporate-Strategy-Agent/strategy_goals.csv,Business_Unit,Procurement,BU-SCM,Roll-up,
Corporate-Strategy-Agent/strategy_goals.csv,Business_Unit,Refining,BU-REF,Exact,
Corporate-Strategy-Agent/strategy_goals.csv,Business_Unit,Supply Chain,BU-SCM,Roll-up,
Corporate-Strategy-Agent/strategy_goals.csv,Business_Unit,Upstream,BU-UPS,Exact,
Transformation-PMO-Agent/project_portfolio.csv,Business_Unit,Asset Reliability,BU-SCM,Roll-up,
Transformation-PMO-Agent/project_portfolio.csv,Business_Unit,Corporate,BU-COR,Exact,
Transformation-PMO-Agent/project_portfolio.csv,Business_Unit,Data and Analytics,BU-DIG,Roll-up,
Transformation-PMO-Agent/project_portfolio.csv,Business_Unit,Enterprise Architecture,BU-DIG,Roll-up,
Transformation-PMO-Agent/project_portfolio.csv,Business_Unit,Finance,BU-COR,Roll-up,
Transformation-PMO-Agent/project_portfolio.csv,Business_Unit,HSSE,BU-COR,Roll-up,
Transformation-PMO-Agent/project_portfolio.csv,Business_Unit,Marketing,BU-COM,Multi-BU (primary shown),BU-RTL
Transformation-PMO-Agent/project_portfolio.csv,Business_Unit,Procurement,BU-SCM,Roll-up,
Transformation-PMO-Agent/project_portfolio.csv,Business_Unit,Refining,BU-REF,Exact,
Transformation-PMO-Agent/project_portfolio.csv,Business_Unit,Supply Chain,BU-SCM,Roll-up,
Transformation-PMO-Agent/project_portfolio.csv,Business_Unit,Upstream,BU-UPS,Exact,
