Business_Unit_ID,Business_Unit_Name,Segment,Description,Executive_Owner_Role,Finance_BU_Codes,Finance_BU_Names,Strategy_Function_Labels,SAP_Controlling_Area,SAP_Company_Code,Profit_Center_Prefix,Revenue_in_Finance_Data_CAD,Operating_Cost_in_Finance_Data_CAD,Reporting_Level,Status
BU-UPS,Upstream Oil and Gas,Upstream,"SAGD, conventional oil, natural gas and NGL production",EVP Upstream,BU01;BU02;BU03,Oil Sands (SAGD); Conventional Oil; Natural Gas & NGL,Upstream,CA01,CA10,PC-UPS,6999835405,1914089641,Level 1,Active
BU-MID,"Midstream, Terminals and Logistics",Midstream,"Terminals, pipelines, rail, marine and product logistics",VP Midstream and Logistics,BU04,Midstream & Terminals,,CA01,CA10,PC-MID,3973002826,376471027,Level 1,Active
BU-REF,Refining and Upgrading,Downstream,"Three refineries, upgrader, petrochemicals",EVP Refining,BU05;BU06;BU07,Prairie Refinery (R100); Lakehead Refinery (R200); Saint-Laurent Refinery (R300),Refining,CA01,CA20,PC-REF,33523981598,4715489987,Level 1,Active
BU-RTL,Retail Fuels and Convenience,Marketing,"Branded retail network, convenience and loyalty",VP Retail,BU08,Retail Fuels & Convenience,,CA01,CA30,PC-RTL,11465825971,1865083367,Level 1,Active
BU-COM,"Commercial, Wholesale and Specialty Products",Marketing,"Wholesale, commercial fuels, lubricants, asphalt, specialty fluids",VP Commercial,BU09;BU10,Commercial & Wholesale; Lubricants & Specialty,Marketing,CA01,CA30,PC-COM,15644235251,1709832809,Level 1,Active
BU-TRD,Energy Trading and Risk,Trading,"Physical and financial commodity trading, hedging and risk",VP Trading and Risk,BU11,Energy Trading,,CA01,CA40,PC-TRD,9678429390,244840827,Level 1,Active
BU-LCN,Low Carbon and New Energy,New Energy,"Renewable diesel, hydrogen, RNG, EV charging, carbon credits",VP Low Carbon,BU12,Low Carbon & New Energy,,CA01,CA50,PC-LCN,1821585137,203671733,Level 1,Active
BU-SCM,"Supply Chain, Procurement and Asset Management",Operations Support,"Planning, procurement, warehousing, maintenance and reliability",VP Supply Chain and Asset Management,,,Supply Chain; Procurement; Asset Reliability,CA01,CA60,PC-SCM,0,0,Level 1,Active
BU-COR,"Corporate, Finance and HSSE",Corporate,"Corporate functions, finance, treasury, strategy, HSSE, ESG",CFO,,Corporate,Corporate; Finance; HSSE,CA01,CA00,PC-COR,0,1683791402,Level 1,Active
BU-DIG,"Digital, Data and Transformation",Corporate,"IT, SAP, data and analytics, enterprise architecture, transformation office",CIO,,,Data and Analytics; Enterprise Architecture,CA01,CA00,PC-DIG,0,0,Level 1,Active
