Master_File,Master_Key,Dependent_Agent,Dependent_File,FK_Column,Join_Kind,Direction,Cardinality,Rows_in_File,Rows_with_Value,Rows_Matched,Coverage_Pct,Unmatched_Distinct_Values,Unmatched_Examples,Integration_Status,Notes
customers.csv,Customer_ID,Sales-Trading-Agent,customer_orders.csv,Customer_ID,ID,Agent -> Master,many orders : 1 customer,500,500,500,100.0,0,,Direct FK,
customers.csv,Customer_Name,Sales-Trading-Agent,customer_orders.csv,Customer,Name,Agent -> Master,many : 1,500,500,500,100.0,0,,Name join,Natural-key join; prefer Customer_ID
customers.csv,Customer_ID,Sales-Trading-Agent,contract_volume.csv,Customer_ID,ID,Agent -> Master,many contracts : 1 customer,500,500,500,100.0,0,,Direct FK,
customers.csv,Customer_Name,Sales-Trading-Agent,contract_volume.csv,Customer,Name,Agent -> Master,many : 1,500,500,500,100.0,0,,Name join,Natural-key join; prefer Customer_ID
customers.csv,Customer_Name,Demand-Planning-Agent,sales_forecast.csv,Customer,Name,Agent -> Master,many forecast lines : 1 customer,1000,1000,639,63.9,81,Red River Public Transit Commission (5); Prairie Resources Ltd. (5); Badlands Ferries Corp. (5),Partial,Only 100 of 181 forecast customers fit within the 200-record master; add a Customer_ID column and extend the master to cover the rest
customers.csv,Segment_ID,Commercial-Marketing-Agent,customer_segments.csv,Segment_ID,ID,Master -> Agent,many customers : 1 segment-region,200,200,200,100.0,0,,Direct FK,Master -> agent FK (customers.Segment_ID)
suppliers.csv,Supplier_ID,Procurement-Agent,purchase_orders.csv,Supplier,ID,Agent -> Master,many POs : 1 supplier,500,500,500,100.0,0,,Direct FK,Column holds the Supplier_ID
suppliers.csv,Supplier_ID,Procurement-Agent,contracts.csv,Supplier,ID,Agent -> Master,many contracts : 1 supplier,300,300,300,100.0,0,,Direct FK,Column holds the Supplier_ID
suppliers.csv,Supplier_Name,Upstream-Operations-Agent,drilling_operations.csv,Rig_Contractor,Name,Agent -> Master,many wells : 1 contractor,300,300,0,0.0,8,Peace Country Rigs (52); Tundra Energy Drilling (48); Prairie Rig Services (40),Gap,Rig contractors are not in supplier_master; add them to the supplier master (category Rig Contractors)
suppliers.csv,Supplier_Name,Logistics-Agent,carrier_performance.csv,Carrier,Name,Agent -> Master,1 : 1,200,200,0,0.0,200,Acadian Bulk Liquid Transport (1); Acadian Express Freight (1); Acadian Flatbed Transport (1),Gap,Carriers need a Carrier master or Supplier records (see recommendations)
suppliers.csv,Supplier_Name,Logistics-Agent,freight_costs.csv,Carrier,Name,Agent -> Master,many : 1,500,500,0,0.0,153,Fraser Rail Services (13); Rocky Ridge Short Line Railway (11); Summit Rail Services (11),Gap,Same as above
products.csv,Product_ID,Commercial-Marketing-Agent,product_portfolio.csv,Product_ID,ID,Agent -> Master,1 : 1,100,100,100,100.0,0,,Direct FK,Master source
products.csv,Product_ID,Commercial-Marketing-Agent,pricing_strategy.csv,Product_ID,ID,Agent -> Master,many prices : 1 product,300,300,300,100.0,0,,Direct FK,
products.csv,Product_ID,Sales-Trading-Agent,customer_orders.csv,Product_ID,ID,Agent -> Master,many order lines : 1 product,500,500,500,100.0,0,,Direct FK,
products.csv,Product_Name,Sales-Trading-Agent,customer_orders.csv,Product,Name,Agent -> Master,many : 1,500,500,500,100.0,0,,Name join,
products.csv,Product_Name,Sales-Trading-Agent,contract_volume.csv,Product,Name,Agent -> Master,many : 1,500,500,500,100.0,0,,Name join,No Product_ID column; add one
products.csv,Product_Name,Demand-Planning-Agent,demand_forecast.csv,Product,Name,Agent -> Master,many : 1,1000,1000,1000,100.0,0,,Name join,No Product_ID column; add one
products.csv,Product_Name,Demand-Planning-Agent,demand_scenarios.csv,Product,Name,Agent -> Master,many : 1,250,250,250,100.0,0,,Name join,
products.csv,Product_Name,Demand-Planning-Agent,sales_forecast.csv,Product,Name,Agent -> Master,many : 1,1000,1000,1000,100.0,0,,Name join,
products.csv,Product_Name,Refining-Operations-Agent,refinery_output.csv,Product,Name,Agent -> Master,many : 1,500,500,500,100.0,0,,Name join,
products.csv,Product_Name,Refining-Operations-Agent,yield_analysis.csv,Product,Name,Agent -> Master,many : 1,300,300,300,100.0,0,,Name join,
products.csv,Product_Name,Supply-Planning-Agent,production_plan.csv,Product,Name,Agent -> Master,many : 1,500,500,480,96.0,2,Sales Gas (15); Synthetic Crude Oil (SCO) (5),Partial,Sales Gas and Synthetic Crude Oil are not in the product portfolio; add to products or a Material master
products.csv,Product_Name,Logistics-Agent,shipments.csv,Product,Name,Agent -> Master,many : 1,1000,1000,763,76.3,10,Raw NGL Mix Feedstock (59); Packaged Lubricants (56); Synthetic Crude Oil (SCO) (46),Partial,"Non-portfolio items (feedstock, tubulars, MRO) need a Material master"
plants.csv,Plant_ID,Supply-Planning-Agent,production_plan.csv,Plant,ID,Agent -> Master,many plan lines : 1 plant,500,500,500,100.0,0,,Direct FK,
plants.csv,Plant_ID,Supply-Planning-Agent,inventory_plan.csv,Plant,ID,Agent -> Master,many : 1,500,500,500,100.0,0,,Direct FK,
plants.csv,Plant_ID,Supply-Planning-Agent,supply_constraints.csv,Plant,ID,Agent -> Master,many : 1,250,250,250,100.0,0,,Direct FK,
plants.csv,Plant_ID,Refining-Operations-Agent,refinery_output.csv,Refinery,ID,Agent -> Master,many : 1,500,500,500,100.0,0,,Direct FK,Refinery code = Plant_ID
plants.csv,Plant_ID,Refining-Operations-Agent,refinery_performance.csv,Refinery,ID,Agent -> Master,many : 1,300,300,300,100.0,0,,Direct FK,Refinery code = Plant_ID
plants.csv,Plant_ID,Refining-Operations-Agent,yield_analysis.csv,Refinery,ID,Agent -> Master,many : 1,300,300,300,100.0,0,,Direct FK,Refinery code = Plant_ID
plants.csv,Plant_ID,Sales-Trading-Agent,customer_orders.csv,Supply_Point,ID,Agent -> Master,many : 1,500,500,500,100.0,0,,Direct FK,Supply point = plant
plants.csv,Plant_ID,Logistics-Agent,shipments.csv,Origin,ID,Agent -> Master,many shipments : 1 origin,1000,1000,914,91.4,6,WH08 (36); WH09 (22); WH07 (10),Shared column (subset),Origins also include warehouses (WH..) - see warehouses
plants.csv,Plant_ID,Logistics-Agent,shipments.csv,Destination,ID,Agent -> Master,many : 1,1000,1000,360,36.0,27,RTL-ON (86); RTL-AB (48); RTL-BC (48),Shared column (subset),"Destinations include customer pseudo-sites (RTL-, MINE-, FARM- ...)"
plants.csv,Plant_ID,Asset-Reliability-Agent,asset_master.csv,Site,ID,Agent -> Master,many assets : 1 site,500,500,300,60.0,25,FAC-03 (8); FAC-12 (8); FAC-10 (8),Shared column (subset),Upstream FAC- sites resolve to facilities
plants.csv,Plant_ID,Asset-Reliability-Agent,maintenance_history.csv,Site,ID,Agent -> Master,many : 1,1000,1000,608,60.8,25,FAC-05 (34); FAC-21 (26); FAC-16 (22),Shared column (subset),Upstream FAC- sites resolve to facilities
plants.csv,Plant_ID,Asset-Reliability-Agent,failure_analysis.csv,Site,ID,Agent -> Master,many : 1,500,500,312,62.4,25,FAC-05 (27); FAC-21 (18); FAC-08 (13),Shared column (subset),Upstream FAC- sites resolve to facilities
plants.csv,Plant_ID,HSE-Agent,incidents.csv,Site,ID,Agent -> Master,many : 1,500,500,201,40.2,32,FAC-16 (28); FAC-18 (20); FAC-17 (19),Shared column (subset),"FAC-, PL-, HQ-, DC- sites resolve to facilities"
plants.csv,Plant_ID,HSE-Agent,safety_observations.csv,Site,ID,Agent -> Master,many : 1,500,500,169,33.8,32,FAC-18 (22); FAC-19 (21); FAC-17 (21),Shared column (subset),FAC- sites resolve to facilities
plants.csv,Plant_ID,HSE-Agent,compliance_audits.csv,Location,ID,Agent -> Master,many : 1,300,300,98,32.7,32,PL-02 (12); FAC-05 (12); FAC-02 (10),Shared column (subset),"FAC-, PL- locations resolve to facilities"
warehouses.csv,Warehouse_ID,Warehouse-Agent,inventory_stock.csv,Warehouse,ID,Agent -> Master,many : 1,500,500,500,100.0,0,,Direct FK,
warehouses.csv,Warehouse_ID,Warehouse-Agent,cycle_count.csv,Warehouse,ID,Agent -> Master,many : 1,500,500,500,100.0,0,,Direct FK,
warehouses.csv,Warehouse_ID,Warehouse-Agent,warehouse_movements.csv,Warehouse,ID,Agent -> Master,many : 1,1000,1000,1000,100.0,0,,Direct FK,
warehouses.csv,Warehouse_ID,Logistics-Agent,shipments.csv,Origin,ID,Agent -> Master,many : 1,1000,1000,86,8.6,18,R100 (124); T300 (112); T100 (111),Shared column (minor),"Column mixes plants, warehouses and customer pseudo-sites"
warehouses.csv,Warehouse_ID,Logistics-Agent,shipments.csv,Destination,ID,Agent -> Master,many : 1,1000,1000,51,5.1,37,RTL-ON (86); R100 (60); C100 (59),Shared column (minor),"Column mixes plants, warehouses and customer pseudo-sites"
assets.csv,Asset_ID,Asset-Reliability-Agent,asset_master.csv,Asset_ID,ID,Agent -> Master,many : 1,500,500,500,100.0,0,,Direct FK,Master source
assets.csv,Asset_ID,Asset-Reliability-Agent,maintenance_history.csv,Asset_ID,ID,Agent -> Master,many : 1,1000,1000,1000,100.0,0,,Direct FK,
assets.csv,Asset_ID,Asset-Reliability-Agent,failure_analysis.csv,Asset_ID,ID,Agent -> Master,many : 1,500,500,500,100.0,0,,Direct FK,
assets.csv,Asset_ID,HSE-Agent,incidents.csv,Asset_ID,ID,Agent -> Master,many : 1,500,152,152,100.0,0,,Direct FK,Populated only for equipment-related incidents
facilities.csv,Facility_ID,Upstream-Operations-Agent,production_metrics.csv,Facility,ID,Agent -> Master,many : 1,500,500,500,100.0,0,,Direct FK,Recommended extra master (included)
facilities.csv,Facility_ID,Upstream-Operations-Agent,wells.csv,Facility,ID,Agent -> Master,many : 1,300,300,300,100.0,0,,Direct FK,Recommended extra master (included)
facilities.csv,Facility_ID,ESG-Agent,emissions.csv,Facility,ID,Agent -> Master,many : 1,500,500,440,88.0,3,R100 (20); R200 (20); R300 (20),Shared column (subset),
facilities.csv,Facility_ID,ESG-Agent,water_consumption.csv,Facility,ID,Agent -> Master,many : 1,500,500,440,88.0,3,R100 (20); R200 (20); R300 (20),Shared column (subset),
facilities.csv,Facility_ID,Asset-Reliability-Agent,asset_master.csv,Site,ID,Agent -> Master,many : 1,500,500,200,40.0,11,R100 (80); R300 (70); R200 (60),Shared column (subset),
facilities.csv,Facility_ID,HSE-Agent,incidents.csv,Site,ID,Agent -> Master,many : 1,500,500,299,59.8,11,R100 (46); R200 (43); R300 (39),Shared column (subset),
facilities.csv,Facility_ID,HSE-Agent,safety_observations.csv,Site,ID,Agent -> Master,many : 1,500,500,331,66.2,11,R200 (42); R300 (39); R100 (34),Shared column (subset),
facilities.csv,Facility_ID,HSE-Agent,compliance_audits.csv,Location,ID,Agent -> Master,many : 1,300,300,202,67.3,11,R200 (24); R300 (16); R100 (14),Shared column (subset),
regions.csv,Region_Name,Sales-Trading-Agent,customer_orders.csv,Region,Name,Agent -> Master,many : 1,500,500,500,100.0,0,,Name join,Region name is the join key; use Region_ID going forward
regions.csv,Region_Name,Sales-Trading-Agent,contract_volume.csv,Region,Name,Agent -> Master,many : 1,500,500,500,100.0,0,,Name join,Region name is the join key; use Region_ID going forward
regions.csv,Region_Name,Commercial-Marketing-Agent,customer_segments.csv,Region,Name,Agent -> Master,many : 1,200,200,200,100.0,0,,Name join,Region name is the join key; use Region_ID going forward
regions.csv,Region_Name,Demand-Planning-Agent,demand_forecast.csv,Region,Name,Agent -> Master,many : 1,1000,1000,1000,100.0,0,,Name join,Region name is the join key; use Region_ID going forward
regions.csv,Pricing_Zone,Commercial-Marketing-Agent,pricing_strategy.csv,Region,Zone,Agent -> Master,many Region_IDs : 1 pricing zone,300,300,300,100.0,0,,Via crosswalk,"Pricing is zone-level (3 zones), not region-level; join via regions.Pricing_Zone"
regions.csv,Logistics_Zone,Logistics-Agent,carrier_performance.csv,Home_Region,Zone,Agent -> Master,many Region_IDs : 1 logistics zone,200,200,200,100.0,0,,Via crosswalk,Zone-level; join via regions.Logistics_Zone
regions.csv,Province_Codes,Upstream-Operations-Agent,wells.csv,Province,Province,Agent -> Master,many : 1 region,300,300,300,100.0,0,,Via crosswalk,Province code maps to a region through regions.Province_Codes
regions.csv,Province_Codes,ESG-Agent,emissions.csv,Province,Province,Agent -> Master,many : 1 region,500,500,500,100.0,0,,Via crosswalk,Province code maps to a region through regions.Province_Codes
regions.csv,Province_Codes,ESG-Agent,water_consumption.csv,Province,Province,Agent -> Master,many : 1 region,500,500,500,100.0,0,,Via crosswalk,Province code maps to a region through regions.Province_Codes
regions.csv,Province_Codes,Asset-Reliability-Agent,asset_master.csv,Province,Province,Agent -> Master,many : 1 region,500,500,500,100.0,0,,Via crosswalk,Province code maps to a region through regions.Province_Codes
regions.csv,Province_Codes,HSE-Agent,incidents.csv,Province,Province,Agent -> Master,many : 1 region,500,500,500,100.0,0,,Via crosswalk,Province code maps to a region through regions.Province_Codes
regions.csv,Province_Codes,HSE-Agent,compliance_audits.csv,Province,Province,Agent -> Master,many : 1 region,300,300,300,100.0,0,,Via crosswalk,Province code maps to a region through regions.Province_Codes
regions.csv,Province_Codes,Upstream-Operations-Agent,production_metrics.csv,Province,Province,Agent -> Master,many : 1 region,500,500,500,100.0,0,,Via crosswalk,Province code maps to a region through regions.Province_Codes
business_units.csv,Business_Unit_ID,Finance-Agent,revenue.csv,Business_Unit_Code,Crosswalk,Agent -> Master,many : 1 (via bu_crosswalk.csv),1000,1000,1000,100.0,0,,Via crosswalk,Legacy BU labels map through bu_crosswalk.csv
business_units.csv,Business_Unit_ID,Finance-Agent,revenue.csv,Business_Unit,Crosswalk,Agent -> Master,many : 1 (via bu_crosswalk.csv),1000,1000,1000,100.0,0,,Via crosswalk,Legacy BU labels map through bu_crosswalk.csv
business_units.csv,Business_Unit_ID,Finance-Agent,operating_cost.csv,Business_Unit,Crosswalk,Agent -> Master,many : 1 (via bu_crosswalk.csv),1000,1000,1000,100.0,0,,Via crosswalk,Legacy BU labels map through bu_crosswalk.csv
business_units.csv,Business_Unit_ID,Trading-Risk-Agent,hedging_positions.csv,Business_Unit,Crosswalk,Agent -> Master,many : 1 (via bu_crosswalk.csv),500,500,500,100.0,0,,Via crosswalk,Legacy BU labels map through bu_crosswalk.csv
business_units.csv,Business_Unit_ID,Trading-Risk-Agent,risk_exposure.csv,Business_Unit,Crosswalk,Agent -> Master,many : 1 (via bu_crosswalk.csv),500,500,500,100.0,0,,Via crosswalk,Legacy BU labels map through bu_crosswalk.csv
business_units.csv,Business_Unit_ID,Corporate-Strategy-Agent,strategy_goals.csv,Business_Unit,Crosswalk,Agent -> Master,many : 1 (via bu_crosswalk.csv),50,50,50,100.0,0,,Via crosswalk,Legacy BU labels map through bu_crosswalk.csv
business_units.csv,Business_Unit_ID,Transformation-PMO-Agent,project_portfolio.csv,Business_Unit,Crosswalk,Agent -> Master,many : 1 (via bu_crosswalk.csv),200,200,200,100.0,0,,Via crosswalk,Legacy BU labels map through bu_crosswalk.csv
plants.csv + facilities.csv,Plant_ID | Facility_ID,Asset-Reliability-Agent,asset_master.csv,Site,ID,Agent -> Master,many : 1,500,500,500,100.0,0,,Direct FK (union of two masters),Site column holds either a plant code (R/T) or a facility code (FAC/PL/HQ/DC); resolve with a union of the two masters
plants.csv + facilities.csv,Plant_ID | Facility_ID,Asset-Reliability-Agent,maintenance_history.csv,Site,ID,Agent -> Master,many : 1,1000,1000,1000,100.0,0,,Direct FK (union of two masters),Site column holds either a plant code (R/T) or a facility code (FAC/PL/HQ/DC); resolve with a union of the two masters
plants.csv + facilities.csv,Plant_ID | Facility_ID,Asset-Reliability-Agent,failure_analysis.csv,Site,ID,Agent -> Master,many : 1,500,500,500,100.0,0,,Direct FK (union of two masters),Site column holds either a plant code (R/T) or a facility code (FAC/PL/HQ/DC); resolve with a union of the two masters
plants.csv + facilities.csv,Plant_ID | Facility_ID,HSE-Agent,incidents.csv,Site,ID,Agent -> Master,many : 1,500,500,500,100.0,0,,Direct FK (union of two masters),Site column holds either a plant code (R/T) or a facility code (FAC/PL/HQ/DC); resolve with a union of the two masters
plants.csv + facilities.csv,Plant_ID | Facility_ID,HSE-Agent,safety_observations.csv,Site,ID,Agent -> Master,many : 1,500,500,500,100.0,0,,Direct FK (union of two masters),Site column holds either a plant code (R/T) or a facility code (FAC/PL/HQ/DC); resolve with a union of the two masters
plants.csv + facilities.csv,Plant_ID | Facility_ID,HSE-Agent,compliance_audits.csv,Location,ID,Agent -> Master,many : 1,300,300,300,100.0,0,,Direct FK (union of two masters),Site column holds either a plant code (R/T) or a facility code (FAC/PL/HQ/DC); resolve with a union of the two masters
plants.csv + facilities.csv,Plant_ID | Facility_ID,ESG-Agent,emissions.csv,Facility,ID,Agent -> Master,many : 1,500,500,500,100.0,0,,Direct FK (union of two masters),Site column holds either a plant code (R/T) or a facility code (FAC/PL/HQ/DC); resolve with a union of the two masters
plants.csv + facilities.csv,Plant_ID | Facility_ID,ESG-Agent,water_consumption.csv,Facility,ID,Agent -> Master,many : 1,500,500,500,100.0,0,,Direct FK (union of two masters),Site column holds either a plant code (R/T) or a facility code (FAC/PL/HQ/DC); resolve with a union of the two masters
plants.csv + warehouses.csv,Plant_ID | Warehouse_ID,Logistics-Agent,shipments.csv,Origin,ID,Agent -> Master,many : 1,1000,1000,1000,100.0,0,,Direct FK (union of two masters),Origin is a plant or a warehouse
plants.csv + warehouses.csv,Plant_ID | Warehouse_ID,Logistics-Agent,shipments.csv,Destination,ID,Agent -> Master,many : 1,1000,1000,411,41.1,23,RTL-ON (86); RTL-AB (48); RTL-BC (48),Partial (union of two masters),"41% of destinations are plants or warehouses; the rest are customer ship-to pseudo-sites (RTL-, MINE-, FARM-, EXP-) - recommend a Ship-To / Delivery Location master"
