Region_ID,Region_Name,Region_Type,Province_Codes,Country,Pricing_Zone,Logistics_Zone,Climate_Zone,Primary_Regulator,Industrial_Carbon_Pricing,Legacy_Names_Used,Status
REG-AB,Alberta,Provincial,AB,Canada,Western Canada,West,Mountain,Alberta Energy Regulator (AER),TIER (Technology Innovation and Emissions Reduction),"Region (Sales-Trading, Demand-Planning, Commercial-Marketing)",Active
REG-BC,British Columbia,Provincial,BC,Canada,Western Canada,West,Pacific,BC Energy Regulator (BCER),BC Output-Based Pricing System (OBPS),"Region (Sales-Trading, Demand-Planning, Commercial-Marketing)",Active
REG-SK,Saskatchewan,Provincial,SK,Canada,Western Canada,Prairies,Central,Saskatchewan Ministry of Energy and Resources,Saskatchewan OBPS (large industrial emitters),"Region (Sales-Trading, Demand-Planning, Commercial-Marketing)",Active
REG-MB,Manitoba,Provincial,MB,Canada,Western Canada,Prairies,Central,"Manitoba Economic Development, Investment, Trade and Natural Resources",Federal OBPS,"Region (Sales-Trading, Demand-Planning, Commercial-Marketing)",Active
REG-ON,Ontario,Provincial,ON,Canada,Central Canada,Central,Eastern,TSSA / Ontario Ministry of Energy,Ontario Emissions Performance Standards (EPS),"Region (Sales-Trading, Demand-Planning, Commercial-Marketing)",Active
REG-QC,Quebec,Provincial,QC,Canada,Central Canada,Central,Eastern,Ministere de l'Environnement (MELCCFP) / Regie de l'energie,Quebec cap-and-trade (WCI linked),"Region (Sales-Trading, Demand-Planning, Commercial-Marketing)",Active
REG-ATL,Atlantic Canada,Multi-province,NS;NB;NL;PE,Canada,Eastern Canada,East,Atlantic,NS Dept of Natural Resources / NB Energy and Utilities Board,Nova Scotia cap-and-trade; federal OBPS elsewhere,"Region (Sales-Trading, Demand-Planning, Commercial-Marketing)",Active
REG-NOR,Northern Canada,Multi-territory,NT;YT;NU,Canada,Western Canada,West,Mountain,Canada Energy Regulator (CER) / territorial regulators,Federal OBPS,"Region (Sales-Trading, Demand-Planning, Commercial-Marketing)",Active
REG-XPC,Export - Pacific,Export market,,International,Export,West,Pacific,Canada Energy Regulator (CER) export licences,Not applicable (destination jurisdiction),Destination EXP-PAC / EXP-ATL (Logistics-Agent shipments),Active
REG-XAT,Export - Atlantic,Export market,,International,Export,East,Atlantic,Canada Energy Regulator (CER) export licences,Not applicable (destination jurisdiction),Destination EXP-PAC / EXP-ATL (Logistics-Agent shipments),Active
