Supplier_ID,Supplier_Name,Category,Spend_Category_Group,Supplier_Type,Country,Province_State,City,Region_ID,Currency,Payment_Terms,Risk_Score,Risk_Tier,Preference_Status,Safety_Prequalified,Indigenous_Owned_Flag,Onboarded_Year,Status,PO_Count,PO_Value_CAD,Contract_Count,Contract_Value_CAD,Source_Dataset
SUP-0001,Stonebridge Drilling Services Ltd.,Drilling Services,Upstream Services and Materials,Services,Canada,AB,Edmonton,REG-AB,USD,Net 45,35,Medium,Preferred,Y,N,2012,Active,4,2887365.04,1,9980000.0,Procurement-Agent
SUP-0002,Boreal Well Engineering Corp.,Drilling Services,Upstream Services and Materials,Services,Canada,AB,Nisku,REG-AB,CAD,Net 30,31,Medium,Preferred,Y,N,2025,Active,1,534181.38,1,46300000.0,Procurement-Agent
SUP-0003,Granite Well Engineering Corp.,Drilling Services,Upstream Services and Materials,Services,Canada,AB,Calgary,REG-AB,CAD,Net 30,38,Medium,Strategic,Y,N,2006,Active,2,639295.33,3,85460000.0,Procurement-Agent
SUP-0004,Lonepine Drilling Services Ltd.,Drilling Services,Upstream Services and Materials,Services,Canada,AB,Calgary,REG-AB,CAD,Net 30,30,Medium,Preferred,Y,N,2019,Active,1,553215.08,1,11430000.0,Procurement-Agent
SUP-0005,Thunder Ridge Drilling Services Ltd.,Drilling Services,Upstream Services and Materials,Services,Canada,AB,Calgary,REG-AB,CAD,Net 30,49,High,Preferred,Y,Y,2014,Active,3,3223377.24,1,25210000.0,Procurement-Agent
SUP-0006,Timberline Well Engineering Corp.,Drilling Services,Upstream Services and Materials,Services,Canada,AB,Calgary,REG-AB,CAD,Net 45,51,High,Preferred,Y,Y,2009,Active,2,1632943.29,1,17830000.0,Procurement-Agent
SUP-0007,Highland Drilling Services Ltd.,Drilling Services,Upstream Services and Materials,Services,Canada,AB,Calgary,REG-AB,CAD,Net 30,44,Medium,Approved,Y,N,2004,Active,0,0,1,5590000.0,Procurement-Agent
SUP-0008,Coldwater Directional Drilling Inc.,Drilling Services,Upstream Services and Materials,Services,Canada,AB,Fort McMurray,REG-AB,CAD,Net 45,38,Medium,Preferred,Y,N,2004,Active,8,7362516.28,1,9440000.0,Procurement-Agent
SUP-0009,Silverton Rig Contractors Ltd.,Rig Contractors,Upstream Services and Materials,Services,Canada,AB,Red Deer,REG-AB,CAD,Net 45,39,Medium,Preferred,Y,N,2006,Active,1,240353.38,1,15680000.0,Procurement-Agent
SUP-0010,Keystone Rig Contractors Ltd.,Rig Contractors,Upstream Services and Materials,Services,United States,OK,Tulsa,,USD,Net 45,48,High,Strategic,Y,N,2021,Active,3,602938.38,3,89210000.0,Procurement-Agent
SUP-0011,Tidewater Well Servicing Corp.,Rig Contractors,Upstream Services and Materials,Services,United Kingdom,SCT,Aberdeen,,USD,Net 30,39,Medium,Strategic,Y,N,2007,Active,1,1587730.01,5,174630000.0,Procurement-Agent
SUP-0012,Meridian Rig Contractors Ltd.,Rig Contractors,Upstream Services and Materials,Services,United States,TX,Midland,,USD,Net 30,53,High,Preferred,Y,N,2014,Active,0,0,1,25050000.0,Procurement-Agent
SUP-0013,Prairie Rig Contractors Ltd.,Rig Contractors,Upstream Services and Materials,Services,Canada,AB,Calgary,REG-AB,CAD,Net 30,29,Low,Preferred,Y,N,2025,Active,1,207336.77,1,16920000.0,Procurement-Agent
SUP-0014,Riverbend Rig Contractors Ltd.,Rig Contractors,Upstream Services and Materials,Services,Canada,AB,Calgary,REG-AB,CAD,Net 45,42,Medium,Preferred,Y,N,2017,Active,0,0,2,56440000.0,Procurement-Agent
SUP-0015,Summit Well Servicing Corp.,Rig Contractors,Upstream Services and Materials,Services,Canada,ON,Sarnia,REG-ON,CAD,Net 30,20,Low,Strategic,Y,N,2020,Active,2,561276.09,2,82340000.0,Procurement-Agent
SUP-0016,Tidewater Pressure Pumping Ltd.,Pressure Pumping,Upstream Services and Materials,Services,Canada,AB,Red Deer,REG-AB,CAD,Net 45,39,Medium,Preferred,Y,N,2022,Active,4,11537529.3,1,26080000.0,Procurement-Agent
SUP-0017,Lakeland Frac Solutions Corp.,Pressure Pumping,Upstream Services and Materials,Services,Canada,AB,Edmonton,REG-AB,CAD,Net 30,34,Medium,Preferred,Y,N,2016,Active,4,3269604.51,1,16930000.0,Procurement-Agent
SUP-0018,Granite Completions Services Inc.,Pressure Pumping,Upstream Services and Materials,Services,Canada,SK,Regina,REG-SK,CAD,Net 45,51,High,Preferred,Y,N,2012,Active,1,5362149.13,1,22980000.0,Procurement-Agent
SUP-0019,Foothills Completions Services Inc.,Pressure Pumping,Upstream Services and Materials,Services,United States,CO,Denver,,USD,Net 30,36,Medium,Preferred,Y,N,2015,Active,1,61088.68,1,31750000.0,Procurement-Agent
SUP-0020,Stonebridge Completions Services Inc.,Pressure Pumping,Upstream Services and Materials,Services,Canada,AB,Calgary,REG-AB,CAD,Net 30,53,High,Preferred,Y,N,2011,Active,2,2774625.66,1,16660000.0,Procurement-Agent
SUP-0021,Falcon Frac Solutions Corp.,Pressure Pumping,Upstream Services and Materials,Services,Canada,AB,Calgary,REG-AB,USD,Net 45,60,High,Conditional,Y,N,2014,On Hold,0,0,1,23820000.0,Procurement-Agent
SUP-0022,Lonepine Pressure Pumping Ltd.,Pressure Pumping,Upstream Services and Materials,Services,Canada,AB,Red Deer,REG-AB,CAD,Net 60,11,Low,Preferred,Y,N,2010,Active,2,876919.12,1,18840000.0,Procurement-Agent
SUP-0023,Clearwater Production Chemicals Inc.,Oilfield Chemicals,Upstream Services and Materials,Both,Canada,AB,Red Deer,REG-AB,CAD,Net 60,50,High,Preferred,Y,N,2007,Active,0,0,2,12060000.0,Procurement-Agent
SUP-0024,Sentinel Flow Assurance Corp.,Oilfield Chemicals,Upstream Services and Materials,Both,Canada,ON,Toronto,REG-ON,CAD,Net 30,25,Low,Approved,Y,N,2019,Active,2,430328.59,1,7650000.0,Procurement-Agent
SUP-0025,Harbourfront Oilfield Chemicals Ltd.,Oilfield Chemicals,Upstream Services and Materials,Both,United States,TX,Midland,,USD,Net 30,38,Medium,Approved,Y,N,2012,Active,3,286761.38,1,1170000.0,Procurement-Agent
SUP-0026,Keystone Production Chemicals Inc.,Oilfield Chemicals,Upstream Services and Materials,Both,Canada,AB,Edmonton,REG-AB,USD,Net 30,39,Medium,Approved,Y,N,2018,Active,0,0,1,11680000.0,Procurement-Agent
SUP-0027,Redwood Oilfield Chemicals Ltd.,Oilfield Chemicals,Upstream Services and Materials,Both,Canada,AB,Nisku,REG-AB,CAD,Net 60,30,Medium,Preferred,Y,Y,2010,Active,0,0,1,14690000.0,Procurement-Agent
SUP-0028,Westgate Flow Assurance Corp.,Oilfield Chemicals,Upstream Services and Materials,Both,Canada,QC,Montreal,REG-QC,CAD,Net 30,26,Low,Approved,Y,Y,2011,Active,0,0,2,11040000.0,Procurement-Agent
SUP-0029,Rocky Ridge Oilfield Chemicals Ltd.,Oilfield Chemicals,Upstream Services and Materials,Both,Canada,AB,Fort McMurray,REG-AB,CAD,Net 45,12,Low,Preferred,Y,N,2013,Active,4,977723.44,4,11590000.0,Procurement-Agent
SUP-0030,Timberline Production Chemicals Inc.,Oilfield Chemicals,Upstream Services and Materials,Both,Canada,AB,Calgary,REG-AB,CAD,Net 30,43,Medium,Approved,Y,Y,2022,Active,2,250302.3,1,4650000.0,Procurement-Agent
SUP-0031,Prairie Steel Tubulars Corp.,OCTG and Tubulars,Upstream Services and Materials,Goods,Canada,AB,Nisku,REG-AB,CAD,Net 60,45,High,Preferred,Y,N,2016,Active,2,1348075.76,1,17130000.0,Procurement-Agent
SUP-0032,Aurora Tubular Supply Ltd.,OCTG and Tubulars,Upstream Services and Materials,Goods,Canada,AB,Red Deer,REG-AB,CAD,Net 30,36,Medium,Preferred,N,N,2004,Active,3,2171340.99,2,13110000.0,Procurement-Agent
SUP-0033,Rocky Ridge Tubular Supply Ltd.,OCTG and Tubulars,Upstream Services and Materials,Goods,Canada,AB,Edmonton,REG-AB,CAD,Net 30,36,Medium,Preferred,N,N,2005,Active,7,2787417.39,3,49200000.0,Procurement-Agent
SUP-0034,Evergreen Pipe and Tubing Inc.,OCTG and Tubulars,Upstream Services and Materials,Goods,Canada,ON,Mississauga,REG-ON,CAD,Net 30,66,High,Conditional,N,N,2005,Active,5,1631231.01,3,51270000.0,Procurement-Agent
SUP-0035,Prairie Pipe and Tubing Inc.,OCTG and Tubulars,Upstream Services and Materials,Goods,Canada,ON,Mississauga,REG-ON,CAD,Net 30,34,Medium,Preferred,Y,N,2007,Active,1,672894.56,1,34710000.0,Procurement-Agent
SUP-0036,Northgate Steel Tubulars Corp.,OCTG and Tubulars,Upstream Services and Materials,Goods,Canada,AB,Calgary,REG-AB,CAD,Net 45,36,Medium,Preferred,N,Y,2019,Active,4,2665389.94,1,18980000.0,Procurement-Agent
SUP-0037,Bow Valley Steel Tubulars Corp.,OCTG and Tubulars,Upstream Services and Materials,Goods,United States,TX,Midland,,USD,Net 30,24,Low,Preferred,Y,N,2016,Active,7,3102257.06,1,35830000.0,Procurement-Agent
SUP-0038,Bow Valley Valve and Actuation Ltd.,Valves and Actuators,MRO and Process Equipment,Goods,Canada,QC,Montreal,REG-QC,CAD,Net 60,25,Low,Approved,Y,N,2008,Active,0,0,1,1650000.0,Procurement-Agent
SUP-0039,Whitecap Ridge Valve Supply Corp.,Valves and Actuators,MRO and Process Equipment,Goods,Canada,AB,Calgary,REG-AB,USD,Net 30,27,Low,Approved,N,N,2005,Active,1,70626.42,1,1400000.0,Procurement-Agent
SUP-0040,Clearwater Valve and Actuation Ltd.,Valves and Actuators,MRO and Process Equipment,Goods,Canada,AB,Red Deer,REG-AB,USD,Net 30,5,Low,Approved,N,N,2004,Active,7,755599.88,1,1660000.0,Procurement-Agent
SUP-0041,Ironwood Flow Control Inc.,Valves and Actuators,MRO and Process Equipment,Goods,Canada,AB,Calgary,REG-AB,CAD,Net 45,44,Medium,Approved,N,N,2010,Active,3,337762.28,2,3520000.0,Procurement-Agent
SUP-0042,Kestrel Valve and Actuation Ltd.,Valves and Actuators,MRO and Process Equipment,Goods,Canada,AB,Calgary,REG-AB,CAD,Net 45,5,Low,Approved,N,N,2023,Active,5,739969.0,1,950000.0,Procurement-Agent
SUP-0043,Ridgeline Valve and Actuation Ltd.,Valves and Actuators,MRO and Process Equipment,Goods,Canada,AB,Red Deer,REG-AB,CAD,Net 60,32,Medium,Approved,Y,N,2010,Active,1,39215.86,1,2090000.0,Procurement-Agent
SUP-0044,Great Plains Valve and Actuation Ltd.,Valves and Actuators,MRO and Process Equipment,Goods,Canada,AB,Edmonton,REG-AB,CAD,Net 30,48,High,Approved,N,Y,2022,Active,8,1287281.27,2,8580000.0,Procurement-Agent
SUP-0045,Badlands Pumps and Compressors Ltd.,Pumps and Compressors,MRO and Process Equipment,Goods,United States,TX,Houston,,USD,Net 30,23,Low,Approved,N,Y,2016,Active,2,1525905.64,2,8360000.0,Procurement-Agent
SUP-0046,Glacier Pumps and Compressors Ltd.,Pumps and Compressors,MRO and Process Equipment,Goods,Canada,ON,Toronto,REG-ON,CAD,Net 30,33,Medium,Approved,N,N,2019,Active,0,0,1,1670000.0,Procurement-Agent
SUP-0047,Rocky Ridge Rotating Equipment Inc.,Pumps and Compressors,MRO and Process Equipment,Goods,Canada,AB,Calgary,REG-AB,CAD,Net 45,34,Medium,Approved,Y,Y,2017,Active,1,359479.18,1,1040000.0,Procurement-Agent
SUP-0048,Meridian Compression Systems Corp.,Pumps and Compressors,MRO and Process Equipment,Goods,Canada,AB,Calgary,REG-AB,CAD,Net 30,24,Low,Preferred,Y,N,2009,Active,2,267409.39,3,24050000.0,Procurement-Agent
SUP-0049,Wolverine Compression Systems Corp.,Pumps and Compressors,MRO and Process Equipment,Goods,Canada,AB,Edmonton,REG-AB,CAD,Net 45,37,Medium,Approved,N,N,2015,Active,0,0,1,9040000.0,Procurement-Agent
SUP-0050,Granite Compression Systems Corp.,Pumps and Compressors,MRO and Process Equipment,Goods,Canada,AB,Calgary,REG-AB,CAD,Net 30,25,Low,Approved,N,N,2014,Active,0,0,2,6390000.0,Procurement-Agent
SUP-0051,Rocky Ridge Compression Systems Corp.,Pumps and Compressors,MRO and Process Equipment,Goods,Canada,AB,Edmonton,REG-AB,CAD,Net 30,32,Medium,Approved,Y,N,2017,Active,0,0,1,1010000.0,Procurement-Agent
SUP-0052,Athabasca Basin Measurement and Control Inc.,Instrumentation and Controls,MRO and Process Equipment,Goods,Canada,SK,Saskatoon,REG-SK,CAD,Net 45,29,Low,Approved,N,N,2009,Active,12,603156.99,4,9470000.0,Procurement-Agent
SUP-0053,Badlands Measurement and Control Inc.,Instrumentation and Controls,MRO and Process Equipment,Goods,Canada,ON,Toronto,REG-ON,CAD,Net 30,54,High,Approved,Y,N,2013,Active,3,249056.87,2,2900000.0,Procurement-Agent
SUP-0054,Lonepine Instrumentation Ltd.,Instrumentation and Controls,MRO and Process Equipment,Goods,Canada,AB,Edmonton,REG-AB,CAD,Net 45,54,High,Approved,Y,N,2024,Active,0,0,1,3080000.0,Procurement-Agent
SUP-0055,Harbourfront Process Instruments Corp.,Instrumentation and Controls,MRO and Process Equipment,Goods,Canada,AB,Edmonton,REG-AB,CAD,Net 30,20,Low,Approved,Y,Y,2016,Active,1,247614.19,1,1140000.0,Procurement-Agent
SUP-0056,Foothills Process Instruments Corp.,Instrumentation and Controls,MRO and Process Equipment,Goods,Canada,AB,Calgary,REG-AB,CAD,Net 30,54,High,Approved,N,N,2015,Active,1,68040.82,1,540000.0,Procurement-Agent
SUP-0057,Boreal Process Instruments Corp.,Instrumentation and Controls,MRO and Process Equipment,Goods,Canada,MB,Winnipeg,REG-MB,CAD,Net 30,30,Medium,Approved,Y,N,2025,Active,8,398608.08,2,3440000.0,Procurement-Agent
SUP-0058,Riverbend Measurement and Control Inc.,Instrumentation and Controls,MRO and Process Equipment,Goods,Canada,AB,Calgary,REG-AB,CAD,Net 45,41,Medium,Approved,N,Y,2015,Active,5,243575.43,3,3870000.0,Procurement-Agent
SUP-0059,Tidewater Power Equipment Inc.,Electrical Equipment,MRO and Process Equipment,Goods,Canada,AB,Edmonton,REG-AB,CAD,Net 60,55,High,Preferred,Y,N,2011,Active,0,0,1,15810000.0,Procurement-Agent
SUP-0060,Frontier Electrical Systems Ltd.,Electrical Equipment,MRO and Process Equipment,Goods,Canada,AB,Edmonton,REG-AB,CAD,Net 60,38,Medium,Approved,N,N,2022,Active,2,585557.03,1,6850000.0,Procurement-Agent
SUP-0061,Clearwater Power Equipment Inc.,Electrical Equipment,MRO and Process Equipment,Goods,Canada,AB,Edmonton,REG-AB,CAD,Net 45,44,Medium,Approved,Y,N,2008,Active,3,1996330.16,1,3050000.0,Procurement-Agent
SUP-0062,Foothills Power Equipment Inc.,Electrical Equipment,MRO and Process Equipment,Goods,Canada,AB,Grande Prairie,REG-AB,CAD,Net 30,20,Low,Approved,N,N,2006,Active,1,146260.15,1,1100000.0,Procurement-Agent
SUP-0063,Glacier Power Equipment Inc.,Electrical Equipment,MRO and Process Equipment,Goods,United States,OK,Tulsa,,USD,Net 60,45,High,Approved,N,N,2008,Active,7,3752135.21,1,6820000.0,Procurement-Agent
SUP-0064,Redwood Power Equipment Inc.,Electrical Equipment,MRO and Process Equipment,Goods,United States,TX,Houston,,USD,Net 30,55,High,Approved,Y,N,2011,Active,0,0,1,9670000.0,Procurement-Agent
SUP-0065,Riverbend Switchgear and Drives Corp.,Electrical Equipment,MRO and Process Equipment,Goods,United States,CO,Denver,,USD,Net 45,49,High,Approved,N,N,2015,Active,0,0,1,3030000.0,Procurement-Agent
SUP-0066,Kestrel Thermal Equipment Inc.,Heat Exchange and Heaters,MRO and Process Equipment,Goods,United States,IL,Chicago,,USD,Net 45,48,High,Preferred,N,N,2023,Active,1,149146.14,1,13470000.0,Procurement-Agent
SUP-0067,Redwood Thermal Equipment Inc.,Heat Exchange and Heaters,MRO and Process Equipment,Goods,Canada,ON,Sarnia,REG-ON,USD,Net 30,46,High,Preferred,N,N,2024,Active,7,2848141.31,2,11760000.0,Procurement-Agent
SUP-0068,Blue Heron Heater and Exchanger Corp.,Heat Exchange and Heaters,MRO and Process Equipment,Goods,Canada,AB,Red Deer,REG-AB,CAD,Net 30,45,High,Approved,N,N,2022,Active,3,1165319.31,1,5550000.0,Procurement-Agent
SUP-0069,Bow Valley Thermal Equipment Inc.,Heat Exchange and Heaters,MRO and Process Equipment,Goods,Canada,AB,Edmonton,REG-AB,CAD,Net 45,49,High,Preferred,N,N,2010,Active,1,762125.16,3,14490000.0,Procurement-Agent
SUP-0070,Great Plains Thermal Equipment Inc.,Heat Exchange and Heaters,MRO and Process Equipment,Goods,United States,IL,Chicago,,USD,Net 30,35,Medium,Preferred,Y,Y,2005,Active,2,1699978.25,4,16830000.0,Procurement-Agent
SUP-0071,Foothills Heat Transfer Ltd.,Heat Exchange and Heaters,MRO and Process Equipment,Goods,United States,IL,Chicago,,USD,Net 30,27,Low,Approved,Y,N,2023,Active,6,2334569.38,1,3970000.0,Procurement-Agent
SUP-0072,Peace Country Heat Transfer Ltd.,Heat Exchange and Heaters,MRO and Process Equipment,Goods,United States,CO,Denver,,USD,Net 30,40,Medium,Approved,N,N,2022,Active,6,2019069.06,2,6110000.0,Procurement-Agent
SUP-0073,Ridgeline Refining Chemicals Inc.,Catalysts and Process Chemicals,MRO and Process Equipment,Goods,United States,TX,Midland,,USD,Net 45,35,Medium,Preferred,Y,N,2007,Active,0,0,1,13340000.0,Procurement-Agent
SUP-0074,Westgate Catalyst Technologies Ltd.,Catalysts and Process Chemicals,MRO and Process Equipment,Goods,Canada,AB,Edmonton,REG-AB,CAD,Net 30,68,High,Conditional,Y,N,2006,Active,3,1635897.26,1,2050000.0,Procurement-Agent
SUP-0075,Frontier Refining Chemicals Inc.,Catalysts and Process Chemicals,MRO and Process Equipment,Goods,United States,PA,Pittsburgh,,USD,Net 30,32,Medium,Approved,N,N,2015,Active,0,0,2,7780000.0,Procurement-Agent
SUP-0076,Granite Catalyst Technologies Ltd.,Catalysts and Process Chemicals,MRO and Process Equipment,Goods,Canada,AB,Edmonton,REG-AB,CAD,Net 60,66,High,Conditional,Y,N,2022,Active,1,1876017.85,1,3680000.0,Procurement-Agent
SUP-0077,Keystone Catalyst Technologies Ltd.,Catalysts and Process Chemicals,MRO and Process Equipment,Goods,Canada,ON,Sarnia,REG-ON,CAD,Net 45,62,High,Conditional,N,N,2022,On Hold,6,4895525.66,1,6170000.0,Procurement-Agent
SUP-0078,Pinecrest Catalyst Technologies Ltd.,Catalysts and Process Chemicals,MRO and Process Equipment,Goods,Canada,SK,Regina,REG-SK,CAD,Net 30,38,Medium,Preferred,Y,N,2006,Active,7,12342291.81,3,31500000.0,Procurement-Agent
SUP-0079,Thunder Ridge Process Materials Corp.,Catalysts and Process Chemicals,MRO and Process Equipment,Goods,Canada,AB,Fort McMurray,REG-AB,CAD,Net 60,51,High,Approved,Y,N,2023,Active,7,2351620.84,1,3010000.0,Procurement-Agent
SUP-0080,Sentinel Shutdown Contractors Inc.,Turnaround Contractors,"Projects, Turnaround and Maintenance Services",Services,Canada,AB,Calgary,REG-AB,CAD,Net 45,41,Medium,Preferred,Y,N,2024,Active,0,0,1,29570000.0,Procurement-Agent
SUP-0081,Westgate Plant Maintenance Corp.,Turnaround Contractors,"Projects, Turnaround and Maintenance Services",Services,Canada,AB,Edmonton,REG-AB,CAD,Net 60,11,Low,Preferred,Y,N,2014,Active,0,0,1,31800000.0,Procurement-Agent
SUP-0082,Ironwood Shutdown Contractors Inc.,Turnaround Contractors,"Projects, Turnaround and Maintenance Services",Services,United States,PA,Pittsburgh,,USD,Net 30,50,High,Strategic,Y,N,2013,Active,1,597011.57,1,81340000.0,Procurement-Agent
SUP-0083,Riverbend Shutdown Contractors Inc.,Turnaround Contractors,"Projects, Turnaround and Maintenance Services",Services,United States,CO,Denver,,USD,Net 30,36,Medium,Strategic,Y,Y,2020,Active,3,11870319.08,1,101970000.0,Procurement-Agent
SUP-0084,Granite Shutdown Contractors Inc.,Turnaround Contractors,"Projects, Turnaround and Maintenance Services",Services,Canada,AB,Nisku,REG-AB,CAD,Net 45,28,Low,Approved,Y,N,2007,Active,1,386993.12,1,10480000.0,Procurement-Agent
SUP-0085,Prairie Plant Maintenance Corp.,Turnaround Contractors,"Projects, Turnaround and Maintenance Services",Services,Canada,AB,Edmonton,REG-AB,CAD,Net 45,45,High,Preferred,Y,N,2011,Active,3,22411011.47,2,28020000.0,Procurement-Agent
SUP-0086,Prairie Shutdown Contractors Inc.,Turnaround Contractors,"Projects, Turnaround and Maintenance Services",Services,Canada,ON,Sarnia,REG-ON,CAD,Net 60,66,High,Conditional,Y,Y,2014,Active,4,13998604.49,1,93040000.0,Procurement-Agent
SUP-0087,Copperline Industrial Maintenance Inc.,Mechanical and Maintenance,"Projects, Turnaround and Maintenance Services",Services,United States,TX,Houston,,USD,Net 30,32,Medium,Preferred,Y,N,2014,Active,0,0,1,15430000.0,Procurement-Agent
SUP-0088,Meridian Mechanical Contractors Ltd.,Mechanical and Maintenance,"Projects, Turnaround and Maintenance Services",Services,Canada,AB,Edmonton,REG-AB,CAD,Net 30,40,Medium,Preferred,Y,N,2011,Active,1,371517.87,1,16580000.0,Procurement-Agent
SUP-0089,Pinecrest Mechanical Contractors Ltd.,Mechanical and Maintenance,"Projects, Turnaround and Maintenance Services",Services,Canada,AB,Edmonton,REG-AB,CAD,Net 30,30,Medium,Preferred,Y,N,2012,Active,1,2619854.62,2,28350000.0,Procurement-Agent
SUP-0090,Lakeland Mechanical Contractors Ltd.,Mechanical and Maintenance,"Projects, Turnaround and Maintenance Services",Services,United States,OK,Tulsa,,USD,Net 30,10,Low,Approved,Y,N,2009,Active,0,0,1,3070000.0,Procurement-Agent
SUP-0091,Clearwater Mechanical Contractors Ltd.,Mechanical and Maintenance,"Projects, Turnaround and Maintenance Services",Services,Canada,ON,Sarnia,REG-ON,CAD,Net 45,24,Low,Preferred,Y,N,2008,Active,7,17110161.41,3,47400000.0,Procurement-Agent
SUP-0092,Highland Mechanical Contractors Ltd.,Mechanical and Maintenance,"Projects, Turnaround and Maintenance Services",Services,Canada,AB,Edmonton,REG-AB,CAD,Net 30,56,High,Preferred,Y,N,2021,Active,3,8228217.93,1,10370000.0,Procurement-Agent
SUP-0093,Sentinel Industrial Maintenance Inc.,Mechanical and Maintenance,"Projects, Turnaround and Maintenance Services",Services,United States,PA,Pittsburgh,,USD,Net 30,28,Low,Approved,Y,N,2024,Active,3,2722177.94,1,3470000.0,Procurement-Agent
SUP-0094,Bow Valley NDT and Integrity Inc.,Inspection and NDT,"Projects, Turnaround and Maintenance Services",Services,Canada,ON,Mississauga,REG-ON,CAD,Net 30,28,Low,Approved,Y,N,2005,Active,2,135670.55,1,5150000.0,Procurement-Agent
SUP-0095,Timberline NDT and Integrity Inc.,Inspection and NDT,"Projects, Turnaround and Maintenance Services",Services,Canada,ON,Toronto,REG-ON,CAD,Net 30,14,Low,Approved,Y,N,2023,Active,4,2247173.76,1,5300000.0,Procurement-Agent
SUP-0096,Copperline Inspection Services Ltd.,Inspection and NDT,"Projects, Turnaround and Maintenance Services",Services,Canada,SK,Regina,REG-SK,CAD,Net 30,32,Medium,Approved,Y,N,2020,Active,1,54917.15,1,2500000.0,Procurement-Agent
SUP-0097,Copperline Asset Integrity Corp.,Inspection and NDT,"Projects, Turnaround and Maintenance Services",Services,Canada,AB,Edmonton,REG-AB,CAD,Net 30,24,Low,Approved,Y,N,2017,Active,0,0,1,610000.0,Procurement-Agent
SUP-0098,Summit NDT and Integrity Inc.,Inspection and NDT,"Projects, Turnaround and Maintenance Services",Services,Canada,BC,Vancouver,REG-BC,CAD,Net 60,22,Low,Approved,Y,N,2006,Active,6,1371633.88,2,4430000.0,Procurement-Agent
SUP-0099,Kestrel Inspection Services Ltd.,Inspection and NDT,"Projects, Turnaround and Maintenance Services",Services,Canada,AB,Fort McMurray,REG-AB,CAD,Net 30,43,Medium,Approved,Y,N,2023,Active,1,92881.94,1,1480000.0,Procurement-Agent
SUP-0100,Pinecrest Asset Integrity Corp.,Inspection and NDT,"Projects, Turnaround and Maintenance Services",Services,Canada,ON,Toronto,REG-ON,USD,Net 30,25,Low,Approved,Y,N,2017,Active,5,1895017.58,1,7960000.0,Procurement-Agent
SUP-0101,Riverbend Engineering Ltd.,Engineering Services,"Projects, Turnaround and Maintenance Services",Services,Canada,AB,Calgary,REG-AB,CAD,Net 30,5,Low,Approved,Y,N,2020,Active,1,4461840.09,2,5580000.0,Procurement-Agent
SUP-0102,Copperline Process Engineering Inc.,Engineering Services,"Projects, Turnaround and Maintenance Services",Services,Canada,AB,Edmonton,REG-AB,CAD,Net 45,48,High,Preferred,Y,Y,2014,Active,2,498372.71,2,16750000.0,Procurement-Agent
SUP-0103,Foothills Design and Projects Corp.,Engineering Services,"Projects, Turnaround and Maintenance Services",Services,Canada,AB,Calgary,REG-AB,USD,Net 30,11,Low,Preferred,Y,N,2023,Active,3,7292501.23,3,45630000.0,Procurement-Agent
SUP-0104,Badlands Design and Projects Corp.,Engineering Services,"Projects, Turnaround and Maintenance Services",Services,Canada,AB,Grande Prairie,REG-AB,CAD,Net 30,43,Medium,Approved,Y,N,2004,Active,2,2330406.33,1,4570000.0,Procurement-Agent
SUP-0105,Lonepine Design and Projects Corp.,Engineering Services,"Projects, Turnaround and Maintenance Services",Services,Canada,BC,Vancouver,REG-BC,CAD,Net 60,43,Medium,Strategic,Y,N,2007,Active,5,8701240.49,3,60850000.0,Procurement-Agent
SUP-0106,Meridian Process Engineering Inc.,Engineering Services,"Projects, Turnaround and Maintenance Services",Services,Canada,AB,Edmonton,REG-AB,CAD,Net 30,23,Low,Preferred,Y,N,2005,Active,0,0,1,20160000.0,Procurement-Agent
SUP-0107,Summit Process Engineering Inc.,Engineering Services,"Projects, Turnaround and Maintenance Services",Services,Canada,AB,Calgary,REG-AB,CAD,Net 60,58,High,Approved,Y,N,2018,Active,0,0,1,8350000.0,Procurement-Agent
SUP-0108,Westgate Industrial Builders Corp.,EPC Contractors,"Projects, Turnaround and Maintenance Services",Services,Canada,BC,Vancouver,REG-BC,CAD,Net 45,53,High,Strategic,Y,N,2005,Active,3,47805934.0,1,274220000.0,Procurement-Agent
SUP-0109,Rocky Ridge Construction Group Ltd.,EPC Contractors,"Projects, Turnaround and Maintenance Services",Services,Canada,AB,Calgary,REG-AB,CAD,Net 45,33,Medium,Strategic,Y,N,2024,Active,8,28369413.21,1,47690000.0,Procurement-Agent
SUP-0110,Cedar Valley Engineering and Construction Inc.,EPC Contractors,"Projects, Turnaround and Maintenance Services",Services,Canada,AB,Calgary,REG-AB,CAD,Net 60,31,Medium,Strategic,Y,N,2008,Active,3,6534526.21,1,81690000.0,Procurement-Agent
SUP-0111,Silverton Engineering and Construction Inc.,EPC Contractors,"Projects, Turnaround and Maintenance Services",Services,Canada,AB,Calgary,REG-AB,CAD,Net 45,47,High,Strategic,Y,N,2025,Active,1,4915852.93,1,79930000.0,Procurement-Agent
SUP-0112,Keystone Engineering and Construction Inc.,EPC Contractors,"Projects, Turnaround and Maintenance Services",Services,United States,TX,Midland,,USD,Net 30,17,Low,Strategic,Y,N,2022,Active,1,1957223.53,1,63080000.0,Procurement-Agent
SUP-0113,Thunder Ridge Engineering and Construction Inc.,EPC Contractors,"Projects, Turnaround and Maintenance Services",Services,Canada,AB,Fort McMurray,REG-AB,CAD,Net 30,38,Medium,Preferred,Y,N,2007,Active,0,0,1,28830000.0,Procurement-Agent
SUP-0114,Granite Engineering and Construction Inc.,EPC Contractors,"Projects, Turnaround and Maintenance Services",Services,Canada,AB,Calgary,REG-AB,CAD,Net 30,51,High,Strategic,Y,N,2017,Active,5,18791652.27,1,184950000.0,Procurement-Agent
SUP-0115,Red River Construction Group Ltd.,EPC Contractors,"Projects, Turnaround and Maintenance Services",Services,Canada,AB,Edmonton,REG-AB,CAD,Net 45,43,Medium,Strategic,Y,N,2024,Active,0,0,1,263910000.0,Procurement-Agent
SUP-0116,Westgate Insulation and Coatings Inc.,Scaffolding and Insulation,"Projects, Turnaround and Maintenance Services",Services,Canada,AB,Edmonton,REG-AB,CAD,Net 45,25,Low,Preferred,Y,Y,2006,Active,4,3037256.1,2,21490000.0,Procurement-Agent
SUP-0117,Thunder Ridge Insulation and Coatings Inc.,Scaffolding and Insulation,"Projects, Turnaround and Maintenance Services",Services,Canada,AB,Calgary,REG-AB,CAD,Net 30,27,Low,Approved,Y,N,2023,Active,0,0,1,9920000.0,Procurement-Agent
SUP-0118,Cascade Insulation and Coatings Inc.,Scaffolding and Insulation,"Projects, Turnaround and Maintenance Services",Services,Canada,AB,Edmonton,REG-AB,CAD,Net 45,34,Medium,Approved,Y,N,2025,Active,0,0,1,4460000.0,Procurement-Agent
SUP-0119,Sentinel Insulation and Coatings Inc.,Scaffolding and Insulation,"Projects, Turnaround and Maintenance Services",Services,United States,TX,Houston,,USD,Net 60,24,Low,Preferred,Y,N,2015,Active,6,3557094.2,2,18590000.0,Procurement-Agent
SUP-0120,Lakeland Insulation and Coatings Inc.,Scaffolding and Insulation,"Projects, Turnaround and Maintenance Services",Services,Canada,AB,Calgary,REG-AB,CAD,Net 30,33,Medium,Preferred,Y,Y,2023,Active,5,2975918.2,3,25950000.0,Procurement-Agent
SUP-0121,Evergreen Scaffolding Ltd.,Scaffolding and Insulation,"Projects, Turnaround and Maintenance Services",Services,Canada,ON,Mississauga,REG-ON,CAD,Net 30,32,Medium,Approved,Y,N,2014,Active,1,503118.75,1,4860000.0,Procurement-Agent
SUP-0122,Westgate Access Services Corp.,Scaffolding and Insulation,"Projects, Turnaround and Maintenance Services",Services,United States,PA,Pittsburgh,,USD,Net 30,44,Medium,Preferred,Y,N,2021,Active,1,554902.6,1,20170000.0,Procurement-Agent
SUP-0123,Prairie Bulk Chemicals Inc.,Industrial Gases and Chemicals,Industrial Supplies,Goods,Canada,QC,Montreal,REG-QC,CAD,Net 45,50,High,Approved,N,N,2009,Active,1,54718.21,2,11500000.0,Procurement-Agent
SUP-0124,Glacier Gas and Chemical Supply Corp.,Industrial Gases and Chemicals,Industrial Supplies,Goods,Canada,ON,Mississauga,REG-ON,CAD,Net 30,49,High,Preferred,N,N,2015,Active,2,476563.54,3,21120000.0,Procurement-Agent
SUP-0125,Granite Gas and Chemical Supply Corp.,Industrial Gases and Chemicals,Industrial Supplies,Goods,Canada,AB,Fort McMurray,REG-AB,CAD,Net 30,15,Low,Preferred,N,N,2004,Active,4,5653480.53,1,7250000.0,Procurement-Agent
SUP-0126,Great Plains Bulk Chemicals Inc.,Industrial Gases and Chemicals,Industrial Supplies,Goods,Canada,AB,Edmonton,REG-AB,CAD,Net 45,33,Medium,Preferred,N,N,2012,Active,6,6885386.33,2,8710000.0,Procurement-Agent
SUP-0127,Badlands Gas and Chemical Supply Corp.,Industrial Gases and Chemicals,Industrial Supplies,Goods,Canada,AB,Calgary,REG-AB,CAD,Net 30,29,Low,Preferred,N,N,2019,Active,2,6431172.12,3,24260000.0,Procurement-Agent
SUP-0128,Timberline Gas and Chemical Supply Corp.,Industrial Gases and Chemicals,Industrial Supplies,Goods,Canada,AB,Red Deer,REG-AB,CAD,Net 45,47,High,Approved,N,N,2004,Active,1,163457.39,1,4100000.0,Procurement-Agent
SUP-0129,Pinecrest Gas and Chemical Supply Corp.,Industrial Gases and Chemicals,Industrial Supplies,Goods,United States,CO,Denver,,USD,Net 30,45,High,Preferred,N,N,2022,Active,2,342221.72,1,17740000.0,Procurement-Agent
SUP-0130,Northern Lubrication Services Corp.,Lubricants and Greases (MRO),Industrial Supplies,Goods,Canada,AB,Calgary,REG-AB,USD,Net 60,26,Low,Approved,N,N,2008,Active,4,641848.56,1,1410000.0,Procurement-Agent
SUP-0131,Glacier Lubricants Ltd.,Lubricants and Greases (MRO),Industrial Supplies,Goods,Canada,AB,Edmonton,REG-AB,CAD,Net 30,50,High,Approved,N,N,2013,Active,5,643042.84,2,1980000.0,Procurement-Agent
SUP-0132,Peace Country Lubrication Services Corp.,Lubricants and Greases (MRO),Industrial Supplies,Goods,United States,IL,Chicago,,USD,Net 45,58,High,Approved,N,N,2007,Active,1,6807.76,1,1010000.0,Procurement-Agent
SUP-0133,Whitecap Ridge Lubrication Services Corp.,Lubricants and Greases (MRO),Industrial Supplies,Goods,Canada,AB,Fort McMurray,REG-AB,USD,Net 30,33,Medium,Approved,Y,Y,2015,Active,2,86394.89,1,1230000.0,Procurement-Agent
SUP-0134,Athabasca Basin Lubricants Ltd.,Lubricants and Greases (MRO),Industrial Supplies,Goods,Canada,QC,Montreal,REG-QC,CAD,Net 45,22,Low,Approved,N,N,2005,Active,9,924799.87,3,3950000.0,Procurement-Agent
SUP-0135,Great Plains Industrial Fluids Inc.,Lubricants and Greases (MRO),Industrial Supplies,Goods,Canada,AB,Calgary,REG-AB,CAD,Net 30,7,Low,Approved,Y,N,2023,Active,1,99512.41,1,2010000.0,Procurement-Agent
SUP-0136,Frontier Industrial Fluids Inc.,Lubricants and Greases (MRO),Industrial Supplies,Goods,Canada,MB,Winnipeg,REG-MB,CAD,Net 30,26,Low,Approved,N,N,2018,Active,7,1469400.6,3,8810000.0,Procurement-Agent
SUP-0137,Riverbend Industrial Safety Inc.,Safety and PPE,Industrial Supplies,Goods,Canada,AB,Grande Prairie,REG-AB,CAD,Net 60,46,High,Approved,N,N,2019,Active,0,0,1,370000.0,Procurement-Agent
SUP-0138,Silverton Safety Supply Ltd.,Safety and PPE,Industrial Supplies,Goods,Canada,AB,Calgary,REG-AB,CAD,Net 45,9,Low,Approved,Y,N,2011,Active,2,396808.96,1,2110000.0,Procurement-Agent
SUP-0139,Bow Valley Industrial Safety Inc.,Safety and PPE,Industrial Supplies,Goods,Canada,AB,Edmonton,REG-AB,CAD,Net 60,20,Low,Approved,N,N,2004,Active,6,172980.35,1,220000.0,Procurement-Agent
SUP-0140,Badlands Industrial Safety Inc.,Safety and PPE,Industrial Supplies,Goods,Canada,AB,Edmonton,REG-AB,CAD,Net 45,17,Low,Approved,N,N,2022,Active,2,367583.78,1,460000.0,Procurement-Agent
SUP-0141,Westgate Safety Supply Ltd.,Safety and PPE,Industrial Supplies,Goods,Canada,AB,Edmonton,REG-AB,CAD,Net 45,27,Low,Approved,N,N,2011,Active,8,1058619.36,1,2130000.0,Procurement-Agent
SUP-0142,Athabasca Basin Protective Equipment Corp.,Safety and PPE,Industrial Supplies,Goods,United States,CO,Denver,,USD,Net 30,31,Medium,Approved,N,N,2009,Active,2,274536.2,1,920000.0,Procurement-Agent
SUP-0143,Badlands Safety Supply Ltd.,Safety and PPE,Industrial Supplies,Goods,United States,OK,Tulsa,,USD,Net 30,26,Low,Approved,N,N,2016,Active,2,117076.66,2,1550000.0,Procurement-Agent
SUP-0144,Keystone Consulting Group Inc.,IT and SAP Services,Technology Services,Services,Canada,AB,Nisku,REG-AB,CAD,Net 45,5,Low,Approved,Y,Y,2021,Active,0,0,1,1600000.0,Procurement-Agent
SUP-0145,Red River Technology Services Ltd.,IT and SAP Services,Technology Services,Services,Canada,AB,Calgary,REG-AB,CAD,Net 30,56,High,Preferred,Y,N,2020,Active,3,5650435.91,1,9050000.0,Procurement-Agent
SUP-0146,Kestrel Digital Solutions Corp.,IT and SAP Services,Technology Services,Services,Canada,AB,Edmonton,REG-AB,CAD,Net 30,50,High,Preferred,Y,Y,2018,Active,6,5904839.9,1,7390000.0,Procurement-Agent
SUP-0147,Great Plains Technology Services Ltd.,IT and SAP Services,Technology Services,Services,Canada,AB,Calgary,REG-AB,CAD,Net 30,48,High,Approved,Y,N,2020,Active,2,2101765.64,1,2650000.0,Procurement-Agent
SUP-0148,Westgate Digital Solutions Corp.,IT and SAP Services,Technology Services,Services,Canada,AB,Nisku,REG-AB,CAD,Net 30,41,Medium,Approved,Y,N,2020,Active,0,0,2,3820000.0,Procurement-Agent
SUP-0149,Prairie Consulting Group Inc.,IT and SAP Services,Technology Services,Services,Canada,AB,Calgary,REG-AB,CAD,Net 45,30,Medium,Approved,Y,N,2020,Active,0,0,1,3490000.0,Procurement-Agent
SUP-0150,Cascade Consulting Group Inc.,IT and SAP Services,Technology Services,Services,Canada,AB,Calgary,REG-AB,CAD,Net 45,39,Medium,Preferred,Y,N,2010,Active,2,10300543.86,3,34800000.0,Procurement-Agent
SUP-0151,Red River Industrial Automation Corp.,OT and Automation,Technology Services,Services,Canada,SK,Saskatoon,REG-SK,CAD,Net 60,30,Medium,Approved,Y,N,2019,Active,2,462528.15,1,2230000.0,Procurement-Agent
SUP-0152,Kestrel Automation Ltd.,OT and Automation,Technology Services,Services,Canada,ON,Toronto,REG-ON,CAD,Net 30,55,High,Approved,Y,N,2015,Active,2,998505.64,1,1250000.0,Procurement-Agent
SUP-0153,Sentinel Automation Ltd.,OT and Automation,Technology Services,Services,Canada,AB,Calgary,REG-AB,CAD,Net 30,27,Low,Approved,Y,N,2007,Active,3,699043.0,1,3410000.0,Procurement-Agent
SUP-0154,Clearwater Industrial Automation Corp.,OT and Automation,Technology Services,Services,Canada,BC,Vancouver,REG-BC,CAD,Net 30,43,Medium,Approved,Y,N,2025,Active,1,929636.68,1,6360000.0,Procurement-Agent
SUP-0155,Whitecap Ridge Automation Ltd.,OT and Automation,Technology Services,Services,Canada,ON,Toronto,REG-ON,CAD,Net 45,31,Medium,Approved,Y,N,2019,Active,0,0,1,1150000.0,Procurement-Agent
SUP-0156,Keystone Controls Integration Inc.,OT and Automation,Technology Services,Services,Canada,AB,Fort McMurray,REG-AB,CAD,Net 60,45,High,Approved,Y,N,2018,Active,0,0,1,4620000.0,Procurement-Agent
SUP-0157,Clearwater Controls Integration Inc.,OT and Automation,Technology Services,Services,Canada,AB,Grande Prairie,REG-AB,CAD,Net 45,21,Low,Approved,Y,N,2013,Active,2,2836133.63,1,8670000.0,Procurement-Agent
SUP-0158,Falcon Transport Ltd.,Logistics and Trucking,Transportation and Logistics,Services,Canada,ON,Mississauga,REG-ON,CAD,Net 30,29,Low,Approved,Y,N,2007,Active,0,0,1,11820000.0,Procurement-Agent
SUP-0159,Ironwood Freight and Logistics Corp.,Logistics and Trucking,Transportation and Logistics,Services,Canada,AB,Edmonton,REG-AB,CAD,Net 45,49,High,Preferred,Y,N,2020,Active,4,7986886.6,1,11800000.0,Procurement-Agent
SUP-0160,Tidewater Freight and Logistics Corp.,Logistics and Trucking,Transportation and Logistics,Services,Canada,AB,Edmonton,REG-AB,CAD,Net 30,33,Medium,Preferred,Y,N,2014,Active,2,3509763.29,2,27130000.0,Procurement-Agent
SUP-0161,Coldwater Transport Ltd.,Logistics and Trucking,Transportation and Logistics,Services,United States,TX,Houston,,USD,Net 45,29,Low,Approved,Y,N,2006,Active,0,0,1,2960000.0,Procurement-Agent
SUP-0162,Thunder Ridge Transport Ltd.,Logistics and Trucking,Transportation and Logistics,Services,Canada,ON,Toronto,REG-ON,CAD,Net 30,12,Low,Approved,Y,N,2021,Active,0,0,1,2260000.0,Procurement-Agent
SUP-0163,Cedar Valley Freight and Logistics Corp.,Logistics and Trucking,Transportation and Logistics,Services,United States,TX,Houston,,USD,Net 30,35,Medium,Preferred,Y,Y,2005,Active,1,1081493.27,3,37960000.0,Procurement-Agent
SUP-0164,Athabasca Basin Transport Ltd.,Logistics and Trucking,Transportation and Logistics,Services,Canada,ON,Toronto,REG-ON,CAD,Net 30,40,Medium,Preferred,Y,N,2020,Active,3,3835334.22,1,11240000.0,Procurement-Agent
SUP-0165,Harbourfront Marine Transport Inc.,Rail and Marine Freight,Transportation and Logistics,Services,Canada,AB,Fort McMurray,REG-AB,CAD,Net 30,30,Medium,Preferred,Y,N,2006,Active,3,1956992.51,1,37780000.0,Procurement-Agent
SUP-0166,Cedar Valley Terminals and Shipping Corp.,Rail and Marine Freight,Transportation and Logistics,Services,Canada,AB,Calgary,REG-AB,CAD,Net 45,9,Low,Preferred,Y,N,2024,Active,1,796338.71,1,35450000.0,Procurement-Agent
SUP-0167,Kestrel Terminals and Shipping Corp.,Rail and Marine Freight,Transportation and Logistics,Services,Canada,AB,Fort McMurray,REG-AB,CAD,Net 30,51,High,Approved,Y,N,2015,Active,0,0,1,7320000.0,Procurement-Agent
SUP-0168,Athabasca Basin Marine Transport Inc.,Rail and Marine Freight,Transportation and Logistics,Services,Canada,SK,Regina,REG-SK,CAD,Net 30,37,Medium,Preferred,Y,N,2018,Active,2,1336034.71,1,13500000.0,Procurement-Agent
SUP-0169,Black Diamond Terminals and Shipping Corp.,Rail and Marine Freight,Transportation and Logistics,Services,Canada,AB,Grande Prairie,REG-AB,CAD,Net 45,29,Low,Preferred,Y,N,2022,Active,3,2028295.62,2,62950000.0,Procurement-Agent
SUP-0170,Pioneer Terminals and Shipping Corp.,Rail and Marine Freight,Transportation and Logistics,Services,Canada,AB,Calgary,REG-AB,CAD,Net 45,51,High,Preferred,Y,N,2004,Active,6,5779445.42,1,21130000.0,Procurement-Agent
SUP-0171,Whitecap Ridge Rail Services Ltd.,Rail and Marine Freight,Transportation and Logistics,Services,Canada,AB,Calgary,REG-AB,CAD,Net 45,57,High,Preferred,Y,N,2005,Active,1,1093234.94,1,35390000.0,Procurement-Agent
SUP-0172,Caribou Remediation Corp.,Environmental and Waste,Site and Environmental Services,Services,United States,PA,Pittsburgh,,USD,Net 60,31,Medium,Approved,Y,Y,2007,Active,2,1587694.36,2,9090000.0,Procurement-Agent
SUP-0173,Peace Country Waste Management Inc.,Environmental and Waste,Site and Environmental Services,Services,Canada,AB,Edmonton,REG-AB,USD,Net 45,45,High,Approved,Y,N,2019,Active,4,3288644.38,1,6410000.0,Procurement-Agent
SUP-0174,Frontier Remediation Corp.,Environmental and Waste,Site and Environmental Services,Services,Canada,ON,Toronto,REG-ON,CAD,Net 30,38,Medium,Preferred,Y,N,2006,Active,1,200135.25,2,19510000.0,Procurement-Agent
SUP-0175,Clearwater Waste Management Inc.,Environmental and Waste,Site and Environmental Services,Services,Canada,AB,Calgary,REG-AB,CAD,Net 30,12,Low,Approved,Y,N,2020,Active,1,2377856.45,3,6560000.0,Procurement-Agent
SUP-0176,Meridian Environmental Services Ltd.,Environmental and Waste,Site and Environmental Services,Services,Canada,AB,Calgary,REG-AB,CAD,Net 45,30,Medium,Approved,Y,N,2007,Active,8,3661726.23,2,4610000.0,Procurement-Agent
SUP-0177,Ridgeline Environmental Services Ltd.,Environmental and Waste,Site and Environmental Services,Services,Canada,QC,Quebec City,REG-QC,CAD,Net 30,24,Low,Approved,Y,N,2011,Active,1,1522296.48,1,5590000.0,Procurement-Agent
SUP-0178,Stonebridge Waste Management Inc.,Environmental and Waste,Site and Environmental Services,Services,Canada,AB,Nisku,REG-AB,CAD,Net 60,29,Low,Approved,Y,N,2015,Active,2,1444537.16,1,5420000.0,Procurement-Agent
SUP-0179,Sundog Waste Management Inc.,Environmental and Waste,Site and Environmental Services,Services,Canada,NS,Halifax,REG-ATL,CAD,Net 30,26,Low,Approved,Y,Y,2025,Active,1,1069102.25,2,6740000.0,Procurement-Agent
SUP-0180,Red River Workforce Solutions Inc.,"Camp, Catering and Staffing",Site and Environmental Services,Services,Canada,AB,Calgary,REG-AB,CAD,Net 30,48,High,Preferred,Y,N,2021,Active,2,9431657.7,2,29910000.0,Procurement-Agent
SUP-0181,Keystone Camp Services Ltd.,"Camp, Catering and Staffing",Site and Environmental Services,Services,Canada,QC,Montreal,REG-QC,CAD,Net 30,16,Low,Preferred,Y,N,2009,Active,2,8717110.48,1,38080000.0,Procurement-Agent
SUP-0182,Granite Camp Services Ltd.,"Camp, Catering and Staffing",Site and Environmental Services,Services,Canada,AB,Calgary,REG-AB,USD,Net 30,46,High,Preferred,Y,N,2024,Active,3,11589004.72,2,33220000.0,Procurement-Agent
SUP-0183,Keystone Remote Site Hospitality Corp.,"Camp, Catering and Staffing",Site and Environmental Services,Services,Canada,AB,Grande Prairie,REG-AB,USD,Net 45,32,Medium,Approved,Y,N,2021,Active,0,0,1,3650000.0,Procurement-Agent
SUP-0184,Silverton Camp Services Ltd.,"Camp, Catering and Staffing",Site and Environmental Services,Services,Canada,ON,Toronto,REG-ON,CAD,Net 30,16,Low,Preferred,Y,N,2015,Active,3,6892571.37,3,47220000.0,Procurement-Agent
SUP-0185,Ironwood Workforce Solutions Inc.,"Camp, Catering and Staffing",Site and Environmental Services,Services,Canada,QC,Montreal,REG-QC,CAD,Net 45,26,Low,Preferred,Y,N,2010,Active,2,8462098.81,2,37410000.0,Procurement-Agent
SUP-0186,Cascade Camp Services Ltd.,"Camp, Catering and Staffing",Site and Environmental Services,Services,Canada,QC,Montreal,REG-QC,CAD,Net 30,15,Low,Preferred,Y,N,2023,Active,5,10722758.59,3,26840000.0,Procurement-Agent
SUP-0187,Stonebridge Heavy Equipment Inc.,Heavy Equipment Rental,Site and Environmental Services,Services,Canada,AB,Red Deer,REG-AB,CAD,Net 60,50,High,Approved,Y,N,2004,Active,2,533699.63,2,6070000.0,Procurement-Agent
SUP-0188,Cascade Heavy Equipment Inc.,Heavy Equipment Rental,Site and Environmental Services,Services,Canada,AB,Fort McMurray,REG-AB,USD,Net 45,36,Medium,Approved,Y,N,2018,Active,2,141996.5,1,6650000.0,Procurement-Agent
SUP-0189,Boreal Crane and Hauling Corp.,Heavy Equipment Rental,Site and Environmental Services,Services,United States,CO,Denver,,USD,Net 30,9,Low,Preferred,Y,N,2016,Active,11,2525499.11,2,14860000.0,Procurement-Agent
SUP-0190,Clearwater Heavy Equipment Inc.,Heavy Equipment Rental,Site and Environmental Services,Services,Canada,AB,Calgary,REG-AB,CAD,Net 60,34,Medium,Preferred,Y,N,2024,Active,2,822775.08,1,12510000.0,Procurement-Agent
SUP-0191,Red River Equipment Rentals Ltd.,Heavy Equipment Rental,Site and Environmental Services,Services,Canada,MB,Winnipeg,REG-MB,CAD,Net 30,12,Low,Approved,Y,N,2024,Active,0,0,1,4420000.0,Procurement-Agent
SUP-0192,Keystone Heavy Equipment Inc.,Heavy Equipment Rental,Site and Environmental Services,Services,Canada,NS,Halifax,REG-ATL,CAD,Net 60,59,High,Approved,Y,N,2007,Active,0,0,1,1350000.0,Procurement-Agent
SUP-0193,Northgate Heavy Equipment Inc.,Heavy Equipment Rental,Site and Environmental Services,Services,Canada,AB,Fort McMurray,REG-AB,CAD,Net 60,35,Medium,Approved,Y,N,2018,Active,4,773481.98,1,1020000.0,Procurement-Agent
SUP-0194,Ironwood Hydrocarbon Trading Corp.,Crude and Feedstock Supply,Feedstock and Energy Supply,Goods,Canada,AB,Calgary,REG-AB,CAD,Net 30,36,Medium,Strategic,Y,N,2017,Active,3,49337647.08,4,1145770000.0,Procurement-Agent
SUP-0195,Northern Energy Marketing Ltd.,Crude and Feedstock Supply,Feedstock and Energy Supply,Goods,Canada,AB,Nisku,REG-AB,CAD,Net 45,33,Medium,Strategic,Y,N,2023,Active,14,173249841.46,4,1482690000.0,Procurement-Agent
SUP-0196,Westgate Hydrocarbon Trading Corp.,Crude and Feedstock Supply,Feedstock and Energy Supply,Goods,Canada,AB,Calgary,REG-AB,CAD,Net 30,27,Low,Strategic,Y,Y,2016,Active,1,1617828.47,1,320180000.0,Procurement-Agent
SUP-0197,Timberline Energy Marketing Ltd.,Crude and Feedstock Supply,Feedstock and Energy Supply,Goods,Canada,AB,Edmonton,REG-AB,CAD,Net 60,41,Medium,Strategic,Y,N,2018,Active,1,25333497.73,1,317640000.0,Procurement-Agent
SUP-0198,Sundog Hydrocarbon Trading Corp.,Crude and Feedstock Supply,Feedstock and Energy Supply,Goods,Canada,BC,Vancouver,REG-BC,USD,Net 60,63,High,Conditional,Y,N,2014,On Hold,0,0,2,343730000.0,Procurement-Agent
SUP-0199,Riverbend Hydrocarbon Trading Corp.,Crude and Feedstock Supply,Feedstock and Energy Supply,Goods,Canada,AB,Calgary,REG-AB,CAD,Net 30,44,Medium,Strategic,Y,N,2015,Active,1,6981768.47,2,257240000.0,Procurement-Agent
SUP-0200,Pioneer Energy Marketing Ltd.,Crude and Feedstock Supply,Feedstock and Energy Supply,Goods,Canada,AB,Edmonton,REG-AB,CAD,Net 30,38,Medium,Strategic,Y,N,2018,Active,1,7675117.87,1,997790000.0,Procurement-Agent
